{"cameraMode":{"drawMode":0,"name":"Shaded","section":"Shading Mode"},"sceneLighting":true,"audioPlay":false,"sceneViewState":{"m_AlwaysRefresh":false,"showFog":true,"showSkybox":true,"showFlares":true,"showImageEffects":true,"showParticleSystems":true,"showVisualEffectGraphs":true,"m_FxEnabled":true},"in2DMode":false,"pivot":{"x":-0.0727231502532959,"y":0.06276778131723404,"z":0.04147414118051529},"rotation":{"x":-0.08577346056699753,"y":0.9119566082954407,"z":-0.3154248893260956,"w":-0.24798205494880677},"size":0.19887125492095948,"orthographic":false}