{"cameraMode":{"drawMode":0,"name":"Shaded","section":"Shading Mode"},"sceneLighting":true,"audioPlay":false,"sceneViewState":{"m_AlwaysRefresh":false,"showFog":true,"showSkybox":true,"showFlares":true,"showImageEffects":true,"showParticleSystems":true,"showVisualEffectGraphs":true,"m_FxEnabled":true},"in2DMode":false,"pivot":{"x":-0.12952488660812379,"y":0.004999999888241291,"z":-0.10699379444122315},"rotation":{"x":0.22226423025131226,"y":-0.5263704657554627,"z":0.14482784271240235,"w":0.8078110218048096},"size":9.374917984008789,"orthographic":false}